Model,Accuracy,Precision,Recall,F1_score
LinearSVC,0.6234154187890161,0.303640727124183,0.8424594460579443,0.4463920427887772
Random Forest,0.7332541840603577,0.3902099261370999,0.8532266062194517,0.535511837279093
XGBoost,0.7308031098004673,0.3879781420765027,0.8549975207196997,0.533751962323391
MLP,0.7320286469304125,0.3892433616911575,0.8556350499397889,0.53507275908658
TCN,0.7334456742369116,0.38792217692486164,0.82907133243607,0.5285404624277458
