Model,Accuracy,Precision,Recall,F1_score
LinearSVC,0.7188235816784397,0.4335932813437312,0.6920720030639602,0.5331563030168915
Random Forest,0.8246034919365587,0.6040396341463414,0.7082216264521894,0.6519950637597697
XGBoost,0.8113643431516282,0.574299634591961,0.7223286097280736,0.6398642917726888
MLP,0.8185466554119093,0.5893315186096425,0.7186263245244479,0.6475883689493515
TCN,0.8302308706147171,0.6219809568044589,0.6838376101110686,0.6514442079659472
