Model,Accuracy,Precision,Recall,F1_score
LinearSVC,0.7967479674796748,0.8401682439537329,0.1530065109153581,0.2588692693989956
Random Forest,0.8702889214684496,0.8723450134770889,0.5164687859057833,0.6488111944188284
XGBoost,0.8663201386112221,0.8763178777916336,0.4934252521383889,0.6313554130763263
MLP,0.8690005479289765,0.8757989861141724,0.5072769054002298,0.6424413904607924
TCN,0.8690745923852681,0.8508997429305912,0.5282139665517681,0.6518057579457288
