Model,Accuracy,Precision,Recall,F1_score
LinearSVC,0.7961259940468257,0.834920634920635,0.1510915358100344,0.2558780606453705
Random Forest,0.8708220415537489,0.871482075976458,0.5198519085918549,0.6512334572787972
XGBoost,0.8656241207220815,0.8739505332425687,0.4917017745435976,0.6293300653594771
MLP,0.8701408325558665,0.8732546812425587,0.5150006383250351,0.64790202770528
TCN,0.867593703259437,0.8315094153603471,0.5383633346099834,0.6535704599170832
