Model,Accuracy,Precision,Recall,F1_score
LinearSVC,0.625304788531015,0.3041398817176652,0.8378550683572997,0.4462806799102006
Random Forest,0.7300882131413325,0.386604260813428,0.8484097187787774,0.5311661529591768
XGBoost,0.7312499202124264,0.3878376192786673,0.8493305943189062,0.5325102149582519
MLP,0.7304456614708998,0.3869978039013047,0.8488347382588368,0.5316208602293649
TCN,0.734288231013749,0.38745672705273415,0.8166040943543246,0.5255527695463871
