Model,Accuracy,Precision,Recall,F1_score
LinearSVC,0.8693877551020408,0.8599562363238512,0.891156462585034,0.8752783964365256
Random Forest,0.9008746355685132,0.913953488372093,0.891156462585034,0.9024110218140068
XGBoost,0.8950437317784257,0.8926174496644296,0.9047619047619048,0.8986486486486487
MLP,0.8962099125364431,0.8937360178970917,0.9058956916099772,0.8997747747747747
TCN,0.8997084548104957,0.9137529137529138,0.8888888888888888,0.9011494252873564
